table,frontend_refs,edge_refs,migration_refs
agent_deal_activities,0,0,3
ai_decisions_log,0,4,2
ai_task_suggestions,0,0,2
airport_bookings,0,1,4
api_keys,0,0,1
approval_requests,0,0,1
approval_steps,0,0,1
approval_workflows,0,0,1
booking_conflicts,0,2,3
booking_cross_sell_offers,0,1,3
booking_messages,0,0,3
booking_operations,0,0,2
business_listings,0,0,1
buyers,0,2,10
capital_campaigns,0,0,4
capital_contacts,0,0,5
capital_intro_requests,0,0,4
capital_pipeline,0,0,5
capital_projects,0,0,3
cart_items,0,0,2
category_suggestions,0,0,1
chat_message_flags,0,0,5
chat_violation_history,0,0,3
clearview_purchases,0,1,2
commission_agreements,0,1,3
compliance_filings,0,0,1
concierge_journeys,0,0,2
concierge_sessions,0,0,3
contact_relationships,0,0,2
crm_access_log,0,0,1
crm_comm_templates,0,0,1
crm_companies,0,1,2
crm_custom_field_values,0,0,1
crm_custom_fields,0,0,1
crm_documents,0,0,1
crm_emails,0,1,1
crm_meetings,0,0,1
crm_quotes,0,0,1
crm_scoring_rules,0,0,2
crm_sequence_enrollments,0,0,2
crm_sequence_steps,0,0,1
crm_sequences,0,0,2
crm_web_forms,0,1,2
crm_workflow_actions,0,1,1
crm_workflows,0,1,1
deal_pipeline_stages,0,0,1
deal_scheduled_activities,0,0,1
deal_stage_history,0,0,2
developer_impersonation_log,0,0,3
developer_users,0,2,10
disputes,0,0,5
drive_import_jobs,0,1,1
due_diligence_reports,0,1,3
email_subscriptions,0,0,1
experience_media,0,1,2
goods_receipts,0,0,1
guest_check_in_data,0,0,3
inventory_inspections,0,0,5
inventory_listings,0,0,1
investment_deals,0,0,3
investment_interests,0,0,1
investment_projects,0,0,1
investor_inquiries,0,0,3
juristic_contacts,0,0,2
juristic_requests,0,0,3
lead_activity_log,0,0,2
lead_attributions,0,0,5
lifecycle_executions,0,0,1
locations,0,1,8
manual_payment_requests,0,2,1
marketplace_product_attributes,0,0,1
marketplace_reviews,0,0,1
mc_onboarding_progress,0,0,1
mc_property_slots,0,2,1
mcc_ab_tests,0,0,1
mcc_ai_recommendations,0,0,3
mcc_automation_rules,0,0,6
mcc_campaign_rules,0,0,1
mcc_campaigns,0,0,3
mcc_channel_metrics,0,0,3
mcc_creatives,0,0,3
mcc_landing_events,0,0,3
mcc_leads,0,0,2
mcc_state_history,0,0,3
mcc_user_states,0,0,2
message_templates,0,0,3
moderation_queue,0,0,4
nb_project_updates,0,0,3
notification_deliveries,0,0,1
order_item_flower_details,0,0,2
order_item_transport_details,0,0,2
order_item_yacht_details,0,0,3
owner_invoices,0,1,3
owner_payouts,0,0,2
owner_performance_metrics,0,0,3
owner_portal_settings,0,0,3
owner_prospects,0,2,2
owner_service_vendors,0,0,2
owner_statement_approvals,0,0,1
owner_vault_files,0,0,3
page_views,0,1,7
partner_applications,0,2,4
payout_runs,0,0,1
personal_reminders,0,0,1
platform_events,0,0,4
platform_metrics,0,0,4
platform_news,0,0,4
platform_recommendations,0,0,4
portal_messages,0,0,1
pricing_recommendations,0,1,2
products,0,5,26
project_documents,0,1,1
project_drive_sources,0,2,1
promoted_listings,0,0,1
property_accounting_policies,0,0,1
property_checklist_templates,0,0,1
property_delegates,0,0,14
property_documents,0,0,5
property_financial_models,0,0,1
property_guidebook,0,0,5
property_inquiries,0,0,2
property_inspections,0,0,3
property_inventory_items,0,0,4
property_key_assignments,0,0,1
property_listing_scores,0,0,4
property_management_requests,0,0,2
property_manager_assignments,0,0,6
property_notes,0,0,1
property_owners,0,0,4
property_ownership_invites,0,0,3
property_payout_rules,0,0,1
property_price_offers,0,0,1
property_rate_seasons,0,1,2
property_reviews,0,0,2
property_service_requests,0,0,6
property_stays_subscriptions,0,1,2
property_utility_schedules,0,0,1
provider_badges,0,0,1
provider_payout_methods,0,0,1
purchase_order_items,0,0,1
purchase_orders,0,0,1
push_subscriptions,0,0,1
qa_test_runs,0,0,1
quick_listings,0,0,2
reconciliation_alerts,0,0,2
referrals,0,0,6
reservations,0,1,8
resources,0,1,4
returning_guests,0,0,1
review_helpful,0,0,1
rln_events,0,0,4
salon_staff,0,0,0
service_orders,0,0,2
signature_request_signers,0,0,1
signature_requests,0,0,1
social_content_calendar,0,2,1
social_posts,0,2,2
staff_documents,0,0,3
staff_profiles,0,0,3
staff_property_assignments,0,0,3
tags,0,6,36
task_comments,0,0,2
tax_filings,0,0,1
team_gamification,0,0,3
team_members,0,0,3
team_messages,0,0,1
team_shifts,0,0,1
team_timesheets,0,0,1
team_user_achievements,0,0,1
terms_acceptances,0,0,1
translations,0,1,3
trust_account_movements,0,0,1
trust_accounts,0,0,1
unit_holds,0,2,7
uno_team_permissions,0,0,5
user_addresses,0,0,1
user_analytics_daily,0,0,4
user_compliance_obligations,0,0,2
user_documents,0,0,4
user_documents_vault,0,0,1
user_events,0,1,4
user_listings,0,1,1
user_passports,0,0,1
user_payment_methods,0,0,1
user_visa_status,0,0,1
vendor_analytics,0,0,5
vendor_bookings,0,0,4
vendor_documents,0,0,3
vendor_location_services,0,0,3
vendor_locations,0,1,2
vendor_outreach_log,0,1,1
vendor_payouts,0,0,9
vendor_prospect_activity,0,2,1
vendor_prospects,0,4,4
vendor_services,0,1,1
vendor_subscriptions,0,2,3
visa_records,0,0,2
webhook_deliveries,0,0,1
webhook_endpoints,0,0,1
yacht_availability,0,1,5
yacht_external_calendars,0,1,1
