"path","declared_in","occurrences","referenced"
":id","src/components/layout/routes/propertyHubRoutes.tsx:118","1","yes"
":id/inquiry","src/components/layout/routes/propertyHubRoutes.tsx:119","1","no"
"*","src/components/layout/AnimatedRoutes.tsx:849","1","yes"
"/about","src/components/layout/AnimatedRoutes.tsx:639","1","no"
"/account/newbuild-alerts","src/components/layout/AnimatedRoutes.tsx:257","1","yes"
"/account/saved-searches","src/components/layout/AnimatedRoutes.tsx:256","1","no"
"/admin","src/components/layout/routes/adminRoutes.tsx:12","1","yes"
"/admin/acquisition-metrics","src/components/layout/routes/adminRoutes.tsx:63","1","no"
"/admin/activities","src/components/layout/routes/adminRoutes.tsx:32","1","no"
"/admin/add","src/components/layout/routes/adminRoutes.tsx:96","1","no"
"/admin/ai-agents","src/components/layout/routes/adminRoutes.tsx:92","1","yes"
"/admin/ai-agents/:id","src/components/layout/routes/adminRoutes.tsx:95","1","yes"
"/admin/ai-knowledge","src/components/layout/routes/adminRoutes.tsx:94","1","no"
"/admin/ai-ops","src/components/layout/routes/adminRoutes.tsx:93","1","yes"
"/admin/analytics","src/components/layout/routes/adminRoutes.tsx:20","1","yes"
"/admin/analytics/events","src/components/layout/routes/adminRoutes.tsx:21","1","no"
"/admin/api-keys","src/components/layout/routes/adminRoutes.tsx:109","1","no"
"/admin/babysitters","src/components/layout/routes/adminRoutes.tsx:57","1","no"
"/admin/bouquets","src/components/layout/routes/adminRoutes.tsx:60","1","no"
"/admin/bulk-publish","src/components/layout/routes/adminRoutes.tsx:73","1","no"
"/admin/catalog","src/components/layout/routes/adminRoutes.tsx:15","1","yes"
"/admin/cities","src/components/layout/routes/adminRoutes.tsx:83","1","no"
"/admin/claims","src/components/layout/routes/adminRoutes.tsx:26","1","no"
"/admin/cleaning","src/components/layout/routes/adminRoutes.tsx:55","1","no"
"/admin/clinics","src/components/layout/routes/adminRoutes.tsx:45","1","no"
"/admin/consultations","src/components/layout/routes/adminRoutes.tsx:74","1","no"
"/admin/contracts","src/components/layout/routes/adminRoutes.tsx:41","1","yes"
"/admin/control","src/components/layout/routes/adminRoutes.tsx:18","1","yes"
"/admin/crm","src/components/layout/routes/adminRoutes.tsx:101","1","no"
"/admin/data-import","src/components/layout/routes/adminRoutes.tsx:91","1","no"
"/admin/developers","src/components/layout/routes/adminRoutes.tsx:36","1","yes"
"/admin/diagnostics/google-maps","src/components/layout/routes/adminRoutes.tsx:110","1","no"
"/admin/disputes","src/components/layout/routes/adminRoutes.tsx:80","1","no"
"/admin/education","src/components/layout/routes/adminRoutes.tsx:52","1","no"
"/admin/events","src/components/layout/routes/adminRoutes.tsx:51","1","no"
"/admin/experience-categories","src/components/layout/routes/adminRoutes.tsx:104","1","no"
"/admin/experiences","src/components/layout/routes/adminRoutes.tsx:71","1","yes"
"/admin/finance","src/components/layout/routes/adminRoutes.tsx:79","1","no"
"/admin/flowers","src/components/layout/routes/adminRoutes.tsx:58","1","yes"
"/admin/gyms","src/components/layout/routes/adminRoutes.tsx:46","1","no"
"/admin/inbox","src/components/layout/routes/adminRoutes.tsx:13","1","no"
"/admin/insurance","src/components/layout/routes/adminRoutes.tsx:68","1","no"
"/admin/intake","src/components/layout/routes/adminRoutes.tsx:97","1","no"
"/admin/intake-configs","src/components/layout/routes/adminRoutes.tsx:98","1","yes"
"/admin/investments","src/components/layout/routes/adminRoutes.tsx:35","1","no"
"/admin/investor-demo","src/components/layout/routes/adminRoutes.tsx:28","1","no"
"/admin/investor-metrics","src/components/layout/routes/adminRoutes.tsx:81","1","no"
"/admin/lead-configs","src/components/layout/routes/adminRoutes.tsx:99","1","yes"
"/admin/leads","src/components/layout/routes/adminRoutes.tsx:78","1","yes"
"/admin/legal","src/components/layout/routes/adminRoutes.tsx:53","1","no"
"/admin/legal-documents","src/components/layout/routes/adminRoutes.tsx:107","1","no"
"/admin/life-situations","src/components/layout/routes/adminRoutes.tsx:105","1","yes"
"/admin/lifecycle-messaging","src/components/layout/routes/adminRoutes.tsx:103","1","no"
"/admin/lifeos","src/components/layout/routes/adminRoutes.tsx:106","1","no"
"/admin/location-knowledge","src/components/layout/routes/adminRoutes.tsx:85","1","no"
"/admin/lookups","src/components/layout/routes/adminRoutes.tsx:61","1","no"
"/admin/marketing","src/components/layout/routes/adminRoutes.tsx:102","1","no"
"/admin/marketplace/categories","src/components/layout/routes/adminRoutes.tsx:88","1","no"
"/admin/marketplace/products","src/components/layout/routes/adminRoutes.tsx:87","1","no"
"/admin/marketplace/subcategories","src/components/layout/routes/adminRoutes.tsx:89","1","no"
"/admin/marketplace/vendors","src/components/layout/routes/adminRoutes.tsx:90","1","no"
"/admin/master-catalog","src/components/layout/routes/adminRoutes.tsx:16","1","no"
"/admin/mc-dashboard","src/components/layout/routes/adminRoutes.tsx:40","1","no"
"/admin/moderation","src/components/layout/routes/adminRoutes.tsx:72","1","no"
"/admin/nb-leads","src/components/layout/routes/adminRoutes.tsx:75","1","no"
"/admin/newbuilds","src/components/layout/routes/adminRoutes.tsx:37","1","yes"
"/admin/newbuilds/projects/:id/documents","src/components/layout/routes/adminRoutes.tsx:38","1","no"
"/admin/official-news","src/components/layout/routes/adminRoutes.tsx:111","1","no"
"/admin/operations","src/components/layout/routes/adminRoutes.tsx:29","1","yes"
"/admin/partner-applications","src/components/layout/routes/adminRoutes.tsx:25","1","no"
"/admin/pets","src/components/layout/routes/adminRoutes.tsx:54","1","no"
"/admin/pharmacies","src/components/layout/routes/adminRoutes.tsx:66","1","no"
"/admin/pitch-deck","src/components/layout/routes/adminRoutes.tsx:27","1","no"
"/admin/pm-companies","src/components/layout/routes/adminRoutes.tsx:39","1","no"
"/admin/projects","src/components/layout/routes/adminRoutes.tsx:34","1","yes"
"/admin/properties","src/components/layout/routes/adminRoutes.tsx:33","1","yes"
"/admin/providers","src/components/layout/routes/adminRoutes.tsx:22","1","yes"
"/admin/providers/:id","src/components/layout/routes/adminRoutes.tsx:23","1","yes"
"/admin/qa-test-runner","src/components/layout/routes/adminRoutes.tsx:108","1","no"
"/admin/quick-listings","src/components/layout/routes/adminRoutes.tsx:69","1","no"
"/admin/relocation-articles","src/components/layout/routes/adminRoutes.tsx:59","1","no"
"/admin/restaurants","src/components/layout/routes/adminRoutes.tsx:42","1","no"
"/admin/restaurants/data-quality","src/components/layout/routes/adminRoutes.tsx:43","1","no"
"/admin/salons","src/components/layout/routes/adminRoutes.tsx:44","1","no"
"/admin/services","src/components/layout/routes/adminRoutes.tsx:24","1","yes"
"/admin/settings","src/components/layout/routes/adminRoutes.tsx:82","1","no"
"/admin/stores","src/components/layout/routes/adminRoutes.tsx:67","1","no"
"/admin/taxonomy","src/components/layout/routes/adminRoutes.tsx:62","1","no"
"/admin/thai-business","src/components/layout/routes/adminRoutes.tsx:56","1","no"
"/admin/tickets","src/components/layout/routes/adminRoutes.tsx:64","1","yes"
"/admin/tickets/:ticketId","src/components/layout/routes/adminRoutes.tsx:65","1","yes"
"/admin/tours","src/components/layout/routes/adminRoutes.tsx:31","1","no"
"/admin/transfer-operators","src/components/layout/routes/adminRoutes.tsx:50","1","no"
"/admin/transfers","src/components/layout/routes/adminRoutes.tsx:48","1","yes"
"/admin/transfers/sla","src/components/layout/routes/adminRoutes.tsx:49","1","no"
"/admin/translations","src/components/layout/routes/adminRoutes.tsx:84","1","no"
"/admin/trash","src/components/layout/routes/adminRoutes.tsx:17","1","no"
"/admin/uno-team","src/components/layout/routes/adminRoutes.tsx:77","1","no"
"/admin/user-analytics","src/components/layout/routes/adminRoutes.tsx:86","1","no"
"/admin/users","src/components/layout/routes/adminRoutes.tsx:14","1","no"
"/admin/vehicles","src/components/layout/routes/adminRoutes.tsx:47","1","no"
"/admin/vendor-content","src/components/layout/routes/adminRoutes.tsx:19","1","no"
"/admin/vendor-prospects","src/components/layout/routes/adminRoutes.tsx:100","1","no"
"/admin/water-activities","src/components/layout/routes/adminRoutes.tsx:70","1","no"
"/admin/yachts","src/components/layout/routes/adminRoutes.tsx:30","1","no"
"/airport-transfer","src/components/layout/AnimatedRoutes.tsx:369","1","no"
"/area","src/components/layout/AnimatedRoutes.tsx:842","1","yes"
"/area/:slug","src/components/layout/AnimatedRoutes.tsx:843","1","no"
"/auth/callback","src/components/layout/AnimatedRoutes.tsx:212","1","no"
"/auth/callback/*","src/components/layout/AnimatedRoutes.tsx:213","1","no"
"/auth/setup-password","src/components/layout/AnimatedRoutes.tsx:219","1","no"
"/b/:slug","src/components/layout/AnimatedRoutes.tsx:302","1","no"
"/babysitter","src/components/layout/AnimatedRoutes.tsx:601","1","yes"
"/babysitter/:id","src/components/layout/AnimatedRoutes.tsx:602","1","yes"
"/babysitter/:id/book","src/components/layout/AnimatedRoutes.tsx:603","1","no"
"/babysitters","src/components/layout/AnimatedRoutes.tsx:600","1","no"
"/beauty/booking/:id","src/components/layout/AnimatedRoutes.tsx:319","1","yes"
"/beauty/salon/:id","src/components/layout/AnimatedRoutes.tsx:318","1","yes"
"/become-partner","src/components/layout/AnimatedRoutes.tsx:645","1","yes"
"/bloom","src/components/layout/AnimatedRoutes.tsx:442","1","no"
"/bloom/*","src/components/layout/AnimatedRoutes.tsx:443","1","no"
"/bookings/:id","src/components/layout/AnimatedRoutes.tsx:235","1","yes"
"/build","src/components/layout/AnimatedRoutes.tsx:492","1","no"
"/capital","src/components/layout/AnimatedRoutes.tsx:753","1","yes"
"/catalog","src/components/layout/AnimatedRoutes.tsx:227","1","no"
"/categories","src/components/layout/AnimatedRoutes.tsx:228","1","no"
"/classifieds","src/components/layout/AnimatedRoutes.tsx:623","1","yes"
"/classifieds/:id","src/components/layout/AnimatedRoutes.tsx:625","1","yes"
"/classifieds/sell","src/components/layout/AnimatedRoutes.tsx:624","1","yes"
"/cleaning","src/components/layout/AnimatedRoutes.tsx:595","1","no"
"/cleaning/:id","src/components/layout/AnimatedRoutes.tsx:596","1","yes"
"/cleaning/:id/book","src/components/layout/AnimatedRoutes.tsx:597","1","yes"
"/clinics","src/components/layout/AnimatedRoutes.tsx:325","1","no"
"/cluster/:cluster","src/components/layout/AnimatedRoutes.tsx:839 | src/pages/landings/__tests__/ClusterLandingPage.test.tsx:51","2","no"
"/company/:slug","src/components/layout/AnimatedRoutes.tsx:338","1","no"
"/complexes","src/components/layout/AnimatedRoutes.tsx:345","1","no"
"/contact","src/components/layout/AnimatedRoutes.tsx:649","1","yes"
"/cookies","src/components/layout/AnimatedRoutes.tsx:647","1","yes"
"/delivery","src/components/layout/AnimatedRoutes.tsx:606","1","yes"
"/demo","src/components/layout/AnimatedRoutes.tsx:659","1","no"
"/demo/*","src/components/layout/AnimatedRoutes.tsx:660","1","no"
"/developer-portal","src/components/layout/AnimatedRoutes.tsx:397","1","no"
"/developer-portal/onboarding/:step","src/components/layout/AnimatedRoutes.tsx:297","1","no"
"/developers","src/components/layout/AnimatedRoutes.tsx:343","1","no"
"/developers/:id","src/components/layout/AnimatedRoutes.tsx:344","1","no"
"/dispute-resolution","src/components/layout/AnimatedRoutes.tsx:654","1","yes"
"/education/booking/:id","src/components/layout/AnimatedRoutes.tsx:438","1","yes"
"/education/course/:id","src/components/layout/AnimatedRoutes.tsx:436","1","no"
"/education/tutor/:id","src/components/layout/AnimatedRoutes.tsx:437","1","no"
"/events/:id","src/components/layout/AnimatedRoutes.tsx:429","1","yes"
"/events/booking/:id","src/components/layout/AnimatedRoutes.tsx:430","1","yes"
"/events/success","src/components/layout/AnimatedRoutes.tsx:431","1","no"
"/experiences/:id","src/components/layout/AnimatedRoutes.tsx:568","1","yes"
"/experiences/:id/book","src/components/layout/AnimatedRoutes.tsx:569","1","yes"
"/faq","src/components/layout/AnimatedRoutes.tsx:641","1","yes"
"/fitness/booking/:id","src/components/layout/AnimatedRoutes.tsx:417","1","yes"
"/fitness/gym/:id","src/components/layout/AnimatedRoutes.tsx:416","1","yes"
"/flowers/bouquet/:id","src/components/layout/AnimatedRoutes.tsx:444","1","yes"
"/flowers/order","src/components/layout/AnimatedRoutes.tsx:447","1","yes"
"/flowers/order/:id","src/components/layout/AnimatedRoutes.tsx:448","1","no"
"/flowers/shop","src/components/layout/AnimatedRoutes.tsx:445","1","no"
"/flowers/shop/:id","src/components/layout/AnimatedRoutes.tsx:446","1","no"
"/flowers/success","src/components/layout/AnimatedRoutes.tsx:449","1","no"
"/food","src/components/layout/AnimatedRoutes.tsx:351","1","no"
"/food/checkout","src/components/layout/AnimatedRoutes.tsx:353","1","no"
"/food/restaurant/:id","src/components/layout/AnimatedRoutes.tsx:352","1","no"
"/for","src/components/layout/AnimatedRoutes.tsx:800","1","no"
"/for-management-companies","src/components/layout/AnimatedRoutes.tsx:280","1","yes"
"/for/:persona","src/components/layout/AnimatedRoutes.tsx:816 | src/pages/landings/__tests__/PersonaLandingPage.test.tsx:49","2","yes"
"/for/:persona/in/:area","src/components/layout/AnimatedRoutes.tsx:813","1","no"
"/for/agent","src/components/layout/AnimatedRoutes.tsx:804","1","no"
"/for/arrive","src/components/layout/AnimatedRoutes.tsx:806","1","no"
"/for/build","src/components/layout/AnimatedRoutes.tsx:811","1","no"
"/for/invest","src/components/layout/AnimatedRoutes.tsx:809","1","no"
"/for/investor","src/components/layout/AnimatedRoutes.tsx:803","1","no"
"/for/legal","src/components/layout/AnimatedRoutes.tsx:810","1","no"
"/for/live","src/components/layout/AnimatedRoutes.tsx:807","1","no"
"/for/manage","src/components/layout/AnimatedRoutes.tsx:808","1","no"
"/for/second-home","src/components/layout/AnimatedRoutes.tsx:802","1","no"
"/for/vendor/:category","src/components/layout/AnimatedRoutes.tsx:815","1","no"
"/g-trust","src/components/layout/AnimatedRoutes.tsx:650","1","yes"
"/guest/check-in/:bookingId","src/components/layout/AnimatedRoutes.tsx:689","1","yes"
"/guest/guidebook/:propertyId","src/components/layout/AnimatedRoutes.tsx:690","1","no"
"/guest/profile","src/components/layout/AnimatedRoutes.tsx:691","1","no"
"/guide/:token","src/components/layout/AnimatedRoutes.tsx:656","1","yes"
"/gyms","src/components/layout/AnimatedRoutes.tsx:324","1","no"
"/how-it-works","src/components/layout/AnimatedRoutes.tsx:640","1","no"
"/index","src/components/layout/AnimatedRoutes.tsx:196","1","no"
"/insurance/:id","src/components/layout/AnimatedRoutes.tsx:471","1","yes"
"/insurance/:id/quote","src/components/layout/AnimatedRoutes.tsx:472","1","yes"
"/insurance/plan/:planId","src/components/layout/AnimatedRoutes.tsx:470","1","yes"
"/invest-hub","src/components/layout/AnimatedRoutes.tsx:556","1","no"
"/invest/:id","src/components/layout/AnimatedRoutes.tsx:553","1","yes"
"/invest/articles","src/components/layout/AnimatedRoutes.tsx:548","1","yes"
"/invest/articles/:slug","src/components/layout/AnimatedRoutes.tsx:549","1","no"
"/invest/business/:slug","src/components/layout/AnimatedRoutes.tsx:550","1","yes"
"/invest/clearview","src/components/layout/AnimatedRoutes.tsx:545","1","no"
"/invest/deal/:id","src/components/layout/AnimatedRoutes.tsx:546","1","no"
"/invest/execution","src/components/layout/AnimatedRoutes.tsx:348","1","no"
"/invest/market","src/components/layout/AnimatedRoutes.tsx:346","1","no"
"/invest/network","src/components/layout/AnimatedRoutes.tsx:347","1","no"
"/invest/pitch","src/components/layout/AnimatedRoutes.tsx:532","1","no"
"/invest/thailand","src/components/layout/AnimatedRoutes.tsx:530","1","no"
"/invite","src/components/layout/AnimatedRoutes.tsx:199","1","no"
"/ip-policy","src/components/layout/AnimatedRoutes.tsx:651","1","yes"
"/join","src/components/layout/AnimatedRoutes.tsx:198","1","yes"
"/knowledge/:section","src/components/layout/AnimatedRoutes.tsx:563","1","yes"
"/knowledge/:section/:slug","src/components/layout/AnimatedRoutes.tsx:564","1","yes"
"/knowledge/pillars/:slug","src/components/layout/AnimatedRoutes.tsx:562","1","yes"
"/l/:slug","src/components/layout/AnimatedRoutes.tsx:827","1","no"
"/legal/booking/:id","src/components/layout/AnimatedRoutes.tsx:463","1","yes"
"/legal/company","src/components/layout/AnimatedRoutes.tsx:823","1","no"
"/legal/deposit-vault/dispute/:packId","src/components/layout/AnimatedRoutes.tsx:507","1","yes"
"/legal/provider/:id","src/components/layout/AnimatedRoutes.tsx:461","1","yes"
"/legal/tax","src/components/layout/AnimatedRoutes.tsx:824","1","no"
"/legal/visa","src/components/layout/AnimatedRoutes.tsx:822","1","no"
"/legal/visa/:id","src/components/layout/AnimatedRoutes.tsx:462","1","yes"
"/life","src/components/layout/AnimatedRoutes.tsx:411","1","no"
"/life-flow/:code","src/components/layout/AnimatedRoutes.tsx:306","1","no"
"/life/:code","src/components/layout/AnimatedRoutes.tsx:307","1","yes"
"/list-with-us","src/components/layout/AnimatedRoutes.tsx:309","1","no"
"/live","src/components/layout/AnimatedRoutes.tsx:490","1","no"
"/manage","src/components/layout/AnimatedRoutes.tsx:491","1","no"
"/manager","src/components/layout/AnimatedRoutes.tsx:681","1","no"
"/manager/calendar","src/components/layout/AnimatedRoutes.tsx:684","1","no"
"/manager/properties","src/components/layout/AnimatedRoutes.tsx:682","1","no"
"/manager/properties/:id","src/components/layout/AnimatedRoutes.tsx:683","1","no"
"/market","src/components/layout/AnimatedRoutes.tsx:611","1","yes"
"/market/categories","src/components/layout/AnimatedRoutes.tsx:612","1","yes"
"/market/category/:categoryId","src/components/layout/AnimatedRoutes.tsx:613","1","yes"
"/market/checkout","src/components/layout/AnimatedRoutes.tsx:618","1","yes"
"/market/product/:productId","src/components/layout/AnimatedRoutes.tsx:614","1","yes"
"/market/store/:id","src/components/layout/AnimatedRoutes.tsx:617","1","no"
"/market/success","src/components/layout/AnimatedRoutes.tsx:619","1","no"
"/market/vendor/:slug","src/components/layout/AnimatedRoutes.tsx:615","1","yes"
"/market/wishlist","src/components/layout/AnimatedRoutes.tsx:616","1","no"
"/marketplace","src/components/layout/AnimatedRoutes.tsx:609","1","no"
"/marketplace/*","src/components/layout/AnimatedRoutes.tsx:610","1","no"
"/mc","src/components/layout/AnimatedRoutes.tsx:748","1","yes"
"/mc/onboarding","src/components/layout/AnimatedRoutes.tsx:744","1","yes"
"/mc/register","src/components/layout/AnimatedRoutes.tsx:745","1","no"
"/mc/sequences","src/components/layout/AnimatedRoutes.tsx:314","1","no"
"/me/bookings","src/components/layout/AnimatedRoutes.tsx:254","1","no"
"/medical/appointment/:id","src/components/layout/AnimatedRoutes.tsx:422","1","yes"
"/medical/clinic/:id","src/components/layout/AnimatedRoutes.tsx:421","1","yes"
"/my-property","src/components/layout/AnimatedRoutes.tsx:786","1","yes"
"/my-property/:propertyId","src/components/layout/AnimatedRoutes.tsx:790","1","yes"
"/my-property/signatures","src/components/layout/AnimatedRoutes.tsx:788","1","yes"
"/my-property/statements","src/components/layout/AnimatedRoutes.tsx:787","1","yes"
"/my-property/transparency/:propertyId","src/components/layout/AnimatedRoutes.tsx:789","1","yes"
"/my-stay","src/components/layout/AnimatedRoutes.tsx:688","1","yes"
"/newbuilds/areas/:slug","src/components/layout/AnimatedRoutes.tsx:392","1","no"
"/newbuilds/developers/:slug","src/components/layout/AnimatedRoutes.tsx:386","1","no"
"/newbuilds/projects/:slug","src/components/layout/AnimatedRoutes.tsx:384","1","no"
"/oauth/callback","src/components/layout/AnimatedRoutes.tsx:214","1","no"
"/oauth/callback/*","src/components/layout/AnimatedRoutes.tsx:215","1","no"
"/offplan","src/components/layout/AnimatedRoutes.tsx:341","1","no"
"/offplan/:id","src/components/layout/AnimatedRoutes.tsx:342","1","no"
"/onboarding","src/components/layout/AnimatedRoutes.tsx:204","1","no"
"/onboarding/destination","src/components/layout/AnimatedRoutes.tsx:205","1","no"
"/onboarding/map","src/components/layout/AnimatedRoutes.tsx:207","1","no"
"/onboarding/questions","src/components/layout/AnimatedRoutes.tsx:206","1","no"
"/operate/transfers","src/components/layout/AnimatedRoutes.tsx:794","1","no"
"/operate/transfers/confirm","src/components/layout/AnimatedRoutes.tsx:793","1","no"
"/orders/:id/tracking","src/components/layout/AnimatedRoutes.tsx:236","1","yes"
"/outreach","src/components/layout/AnimatedRoutes.tsx:312","1","yes"
"/owner","src/components/layout/AnimatedRoutes.tsx:782","1","yes"
"/owner/*","src/components/layout/AnimatedRoutes.tsx:783","1","yes"
"/owner/finance","src/components/layout/AnimatedRoutes.tsx:776","1","no"
"/owner/full-management","src/components/layout/AnimatedRoutes.tsx:781","1","no"
"/owner/guide","src/components/layout/AnimatedRoutes.tsx:773","1","no"
"/owner/inspection","src/components/layout/AnimatedRoutes.tsx:778","1","yes"
"/owner/landing","src/components/layout/AnimatedRoutes.tsx:771","1","no"
"/owner/onboarding","src/components/layout/AnimatedRoutes.tsx:772","1","yes"
"/owner/portfolio","src/components/layout/AnimatedRoutes.tsx:775","1","no"
"/owner/service-request","src/components/layout/AnimatedRoutes.tsx:777","1","yes"
"/owner/setup","src/components/layout/AnimatedRoutes.tsx:774","1","no"
"/p/:slug","src/components/layout/AnimatedRoutes.tsx:377","1","no"
"/partner-agreement","src/components/layout/AnimatedRoutes.tsx:652","1","yes"
"/partner-terms","src/components/layout/AnimatedRoutes.tsx:653","1","no"
"/partner/status","src/components/layout/AnimatedRoutes.tsx:646","1","yes"
"/partners","src/components/layout/AnimatedRoutes.tsx:642","1","yes"
"/pets","src/components/layout/AnimatedRoutes.tsx:584","1","yes"
"/pets/:id","src/components/layout/AnimatedRoutes.tsx:586","1","yes"
"/pets/:id/booking","src/components/layout/AnimatedRoutes.tsx:587","1","yes"
"/pets/transport","src/components/layout/AnimatedRoutes.tsx:585","1","no"
"/peylaa/unit/:unitNo","src/components/layout/AnimatedRoutes.tsx:244","1","no"
"/pharmacy","src/components/layout/AnimatedRoutes.tsx:580","1","yes"
"/pharmacy/:id","src/components/layout/AnimatedRoutes.tsx:581","1","yes"
"/privacy","src/components/layout/AnimatedRoutes.tsx:643","1","yes"
"/profile/referral","src/components/layout/AnimatedRoutes.tsx:241","1","yes"
"/properties","src/components/layout/AnimatedRoutes.tsx:334","1","no"
"/property/for/:persona","src/components/layout/AnimatedRoutes.tsx:831","1","no"
"/property/mandate","src/components/layout/AnimatedRoutes.tsx:834","1","yes"
"/provider/onboarding","src/components/layout/AnimatedRoutes.tsx:704","1","no"
"/ref/:code","src/components/layout/AnimatedRoutes.tsx:277","1","no"
"/refund-policy","src/components/layout/AnimatedRoutes.tsx:648","1","yes"
"/restaurants/:id","src/components/layout/AnimatedRoutes.tsx:356","1","yes"
"/restaurants/:id/delivery","src/components/layout/AnimatedRoutes.tsx:358","1","yes"
"/restaurants/:id/experience/:setId","src/components/layout/AnimatedRoutes.tsx:359","1","no"
"/restaurants/:id/reserve","src/components/layout/AnimatedRoutes.tsx:357","1","no"
"/salons","src/components/layout/AnimatedRoutes.tsx:322","1","no"
"/sell","src/components/layout/AnimatedRoutes.tsx:620","1","yes"
"/services/booking/:id","src/components/layout/AnimatedRoutes.tsx:454","1","yes"
"/services/order/:functionId","src/components/layout/AnimatedRoutes.tsx:456","1","yes"
"/services/order/success","src/components/layout/AnimatedRoutes.tsx:457","1","yes"
"/services/provider/:id","src/components/layout/AnimatedRoutes.tsx:453","1","yes"
"/spa","src/components/layout/AnimatedRoutes.tsx:323","1","no"
"/start","src/components/layout/AnimatedRoutes.tsx:208","1","yes"
"/start/v2","src/components/layout/AnimatedRoutes.tsx:209","1","no"
"/stays","src/components/layout/AnimatedRoutes.tsx:819","1","no"
"/support/tickets/:ticketId","src/components/layout/AnimatedRoutes.tsx:273","1","yes"
"/support/what-if","src/components/layout/AnimatedRoutes.tsx:274","1","yes"
"/taxi-booking","src/components/layout/AnimatedRoutes.tsx:409","1","no"
"/team","src/components/layout/AnimatedRoutes.tsx:670","1","no"
"/team/chat","src/components/layout/AnimatedRoutes.tsx:672","1","no"
"/team/content","src/components/layout/AnimatedRoutes.tsx:671","1","no"
"/team/inbox","src/components/layout/AnimatedRoutes.tsx:675","1","no"
"/team/leaderboard","src/components/layout/AnimatedRoutes.tsx:673","1","no"
"/team/leads","src/components/layout/AnimatedRoutes.tsx:677","1","no"
"/team/moderation","src/components/layout/AnimatedRoutes.tsx:678","1","no"
"/team/my-profile","src/components/layout/AnimatedRoutes.tsx:674","1","yes"
"/team/support","src/components/layout/AnimatedRoutes.tsx:676","1","no"
"/terms","src/components/layout/AnimatedRoutes.tsx:644","1","yes"
"/thai-services/:id","src/components/layout/AnimatedRoutes.tsx:701","1","no"
"/tours","src/components/layout/AnimatedRoutes.tsx:572","1","no"
"/tours/:id","src/components/layout/AnimatedRoutes.tsx:573","1","no"
"/tours/:id/book","src/components/layout/AnimatedRoutes.tsx:574","1","no"
"/transfers","src/components/layout/AnimatedRoutes.tsx:410","1","no"
"/transport/:id","src/components/layout/AnimatedRoutes.tsx:412","1","yes"
"/transport/airport","src/components/layout/AnimatedRoutes.tsx:368","1","no"
"/transport/booking/:id","src/components/layout/AnimatedRoutes.tsx:364","1","yes"
"/transport/vehicle/:id","src/components/layout/AnimatedRoutes.tsx:363","1","yes"
"/trip-planner","src/components/layout/AnimatedRoutes.tsx:308","1","no"
"/trip/:id","src/components/layout/AnimatedRoutes.tsx:262","1","yes"
"/ts/:slug","src/components/layout/AnimatedRoutes.tsx:379","1","no"
"/unsubscribe","src/components/layout/AnimatedRoutes.tsx:846","1","no"
"/vendor","src/components/layout/AnimatedRoutes.tsx:709","1","yes"
"/vendor/activities","src/components/layout/AnimatedRoutes.tsx:716","1","no"
"/vendor/analytics","src/components/layout/AnimatedRoutes.tsx:712","1","yes"
"/vendor/babysitters","src/components/layout/AnimatedRoutes.tsx:732","1","no"
"/vendor/beauty","src/components/layout/AnimatedRoutes.tsx:721","1","no"
"/vendor/bookings","src/components/layout/AnimatedRoutes.tsx:710","1","yes"
"/vendor/cleaning","src/components/layout/AnimatedRoutes.tsx:730","1","no"
"/vendor/clinics","src/components/layout/AnimatedRoutes.tsx:723","1","no"
"/vendor/education","src/components/layout/AnimatedRoutes.tsx:727","1","no"
"/vendor/events","src/components/layout/AnimatedRoutes.tsx:726","1","no"
"/vendor/experiences","src/components/layout/AnimatedRoutes.tsx:717","1","yes"
"/vendor/fitness","src/components/layout/AnimatedRoutes.tsx:722","1","no"
"/vendor/flowers","src/components/layout/AnimatedRoutes.tsx:733","1","no"
"/vendor/insurance","src/components/layout/AnimatedRoutes.tsx:735","1","no"
"/vendor/join","src/components/layout/AnimatedRoutes.tsx:705","1","yes"
"/vendor/legal","src/components/layout/AnimatedRoutes.tsx:728","1","no"
"/vendor/locations","src/components/layout/AnimatedRoutes.tsx:736","1","yes"
"/vendor/messages","src/components/layout/AnimatedRoutes.tsx:739","1","no"
"/vendor/onboarding","src/components/layout/AnimatedRoutes.tsx:706","1","yes"
"/vendor/orders","src/components/layout/AnimatedRoutes.tsx:738","1","no"
"/vendor/payouts","src/components/layout/AnimatedRoutes.tsx:713","1","no"
"/vendor/pets","src/components/layout/AnimatedRoutes.tsx:729","1","no"
"/vendor/pharmacy","src/components/layout/AnimatedRoutes.tsx:734","1","no"
"/vendor/products","src/components/layout/AnimatedRoutes.tsx:737","1","no"
"/vendor/properties","src/components/layout/AnimatedRoutes.tsx:714","1","no"
"/vendor/restaurants","src/components/layout/AnimatedRoutes.tsx:725","1","no"
"/vendor/services","src/components/layout/AnimatedRoutes.tsx:711","1","yes"
"/vendor/settings","src/components/layout/AnimatedRoutes.tsx:740","1","yes"
"/vendor/subscription","src/components/layout/AnimatedRoutes.tsx:724","1","yes"
"/vendor/thai-business","src/components/layout/AnimatedRoutes.tsx:731","1","no"
"/vendor/tours","src/components/layout/AnimatedRoutes.tsx:715","1","no"
"/vendor/transport","src/components/layout/AnimatedRoutes.tsx:720","1","no"
"/vendor/yachts","src/components/layout/AnimatedRoutes.tsx:718","1","yes"
"/vendor/yachts/:id/calendar","src/components/layout/AnimatedRoutes.tsx:719","1","yes"
"/venues/:id","src/components/layout/AnimatedRoutes.tsx:432","1","yes"
"/view-history","src/components/layout/AnimatedRoutes.tsx:655","1","no"
"/water","src/components/layout/AnimatedRoutes.tsx:575","1","no"
"/water_activities","src/components/layout/AnimatedRoutes.tsx:326","1","no"
"/water/:id","src/components/layout/AnimatedRoutes.tsx:576","1","no"
"/water/:id/book","src/components/layout/AnimatedRoutes.tsx:577","1","no"
"/welcome","src/components/layout/AnimatedRoutes.tsx:695","1","yes"
"/welcome-landing","src/components/layout/AnimatedRoutes.tsx:201","1","no"
"/welcome/:bookingId","src/components/layout/AnimatedRoutes.tsx:696","1","no"
"/yachts","src/components/layout/AnimatedRoutes.tsx:590","1","yes"
"/yachts/:id","src/components/layout/AnimatedRoutes.tsx:591","1","yes"
"/yachts/:id/booking","src/components/layout/AnimatedRoutes.tsx:592","1","yes"
"account-settings","src/components/layout/routes/mcRoutes.tsx:125","1","no"
"analytics","src/components/layout/AnimatedRoutes.tsx:405","1","no"
"assignment","src/components/layout/routes/mcRoutes.tsx:110","1","no"
"auto-messaging","src/components/layout/routes/mcRoutes.tsx:60","1","no"
"automations","src/components/layout/routes/mcRoutes.tsx:105","1","no"
"booking/manual-payment/:orderId","src/components/layout/routes/propertyHubRoutes.tsx:120","1","no"
"bookings","src/components/layout/routes/mcRoutes.tsx:48","1","yes"
"bookings-list","src/components/layout/routes/mcRoutes.tsx:122","1","no"
"browse","src/components/layout/routes/propertyHubRoutes.tsx:40","1","no"
"budget","src/components/layout/routes/mcRoutes.tsx:54","1","no"
"buy","src/components/layout/routes/propertyHubRoutes.tsx:46","1","no"
"calendar","src/components/layout/routes/mcRoutes.tsx:47","1","no"
"campaigns","src/components/layout/AnimatedRoutes.tsx:758","1","no"
"campaigns/launch","src/components/layout/AnimatedRoutes.tsx:759","1","no"
"catalog","src/components/layout/routes/mcRoutes.tsx:25","1","no"
"catalog/:vertical","src/components/layout/routes/mcRoutes.tsx:26","1","no"
"catalog/:vertical/:id","src/components/layout/routes/mcRoutes.tsx:27","1","no"
"channels","src/components/layout/routes/mcRoutes.tsx:64","1","no"
"chat/:type/:id","src/components/layout/routes/mcRoutes.tsx:61","1","no"
"clearview","src/components/layout/routes/propertyHubRoutes.tsx:88","1","no"
"clearview/apply","src/components/layout/routes/propertyHubRoutes.tsx:89","1","no"
"commercial","src/components/layout/routes/propertyHubRoutes.tsx:92","1","no"
"commercial/:id","src/components/layout/routes/propertyHubRoutes.tsx:94","1","no"
"commercial/browse","src/components/layout/routes/propertyHubRoutes.tsx:93","1","no"
"companies","src/components/layout/routes/mcRoutes.tsx:108","1","no"
"company","src/components/layout/AnimatedRoutes.tsx:402","1","no"
"complexes","src/components/layout/routes/mcRoutes.tsx:30","1","no"
"consultation","src/components/layout/routes/propertyHubRoutes.tsx:68","1","no"
"contacts","src/components/layout/AnimatedRoutes.tsx:755 | src/components/layout/routes/mcRoutes.tsx:80","2","no"
"contacts/:id","src/components/layout/AnimatedRoutes.tsx:756 | src/components/layout/routes/mcRoutes.tsx:81","2","no"
"contacts/import","src/components/layout/routes/mcRoutes.tsx:82","1","no"
"contacts/import-odoo","src/components/layout/routes/mcRoutes.tsx:83","1","no"
"crm-dashboard","src/components/layout/routes/mcRoutes.tsx:99","1","no"
"crm-emails","src/components/layout/routes/mcRoutes.tsx:103","1","no"
"crm-emails/settings","src/components/layout/routes/mcRoutes.tsx:104","1","no"
"crm-templates","src/components/layout/routes/mcRoutes.tsx:106","1","no"
"deals/newbuilds","src/components/layout/AnimatedRoutes.tsx:763","1","no"
"deposit-success","src/components/layout/routes/propertyHubRoutes.tsx:69","1","no"
"developer/api-keys","src/components/layout/routes/mcRoutes.tsx:95","1","no"
"developer/webhooks","src/components/layout/routes/mcRoutes.tsx:96","1","no"
"developers","src/components/layout/AnimatedRoutes.tsx:766 | src/components/layout/routes/propertyHubRoutes.tsx:77","2","no"
"developers/:id","src/components/layout/routes/propertyHubRoutes.tsx:78","1","no"
"documents","src/components/layout/routes/mcRoutes.tsx:113","1","no"
"documents/signatures","src/components/layout/routes/mcRoutes.tsx:90","1","no"
"duplicates","src/components/layout/routes/mcRoutes.tsx:107","1","no"
"expenses/quick","src/components/layout/routes/mcRoutes.tsx:57","1","no"
"finance","src/components/layout/routes/mcRoutes.tsx:50","1","no"
"finance/ar-aging","src/components/layout/routes/mcRoutes.tsx:86","1","no"
"finance/owner-payouts","src/components/layout/routes/mcRoutes.tsx:85","1","no"
"finance/planning","src/components/layout/routes/mcRoutes.tsx:55","1","no"
"finance/statement-approvals","src/components/layout/routes/mcRoutes.tsx:89","1","no"
"finance/tax-center","src/components/layout/routes/mcRoutes.tsx:88","1","no"
"financials","src/components/layout/routes/mcRoutes.tsx:51","1","no"
"financials/:id","src/components/layout/routes/mcRoutes.tsx:53","1","no"
"financials/new","src/components/layout/routes/mcRoutes.tsx:52","1","no"
"forms","src/components/layout/routes/mcRoutes.tsx:109","1","no"
"full-management","src/components/layout/routes/mcRoutes.tsx:133","1","no"
"guide","src/components/layout/routes/mcRoutes.tsx:129","1","no"
"help","src/components/layout/routes/mcRoutes.tsx:78","1","no"
"hotels","src/components/layout/routes/propertyHubRoutes.tsx:102","1","no"
"hotels/:id","src/components/layout/routes/propertyHubRoutes.tsx:103","1","no"
"income/quick","src/components/layout/routes/mcRoutes.tsx:58","1","no"
"insights/owner-analytics","src/components/layout/routes/mcRoutes.tsx:94","1","no"
"inspection","src/components/layout/routes/mcRoutes.tsx:132","1","no"
"insurance","src/components/layout/routes/mcRoutes.tsx:119","1","yes"
"inventory","src/components/layout/routes/mcRoutes.tsx:112","1","no"
"invest","src/components/layout/routes/propertyHubRoutes.tsx:106","1","yes"
"invest/:id","src/components/layout/routes/propertyHubRoutes.tsx:112","1","yes"
"invest/dashboard","src/components/layout/routes/propertyHubRoutes.tsx:107","1","no"
"invest/execution","src/components/layout/routes/propertyHubRoutes.tsx:111","1","no"
"invest/market","src/components/layout/routes/propertyHubRoutes.tsx:109","1","no"
"invest/network","src/components/layout/routes/propertyHubRoutes.tsx:110","1","no"
"invest/raise","src/components/layout/routes/propertyHubRoutes.tsx:108","1","no"
"investment-deals","src/components/layout/AnimatedRoutes.tsx:764","1","no"
"investment-deals/:id","src/components/layout/AnimatedRoutes.tsx:765","1","no"
"invoices","src/components/layout/routes/mcRoutes.tsx:84","1","no"
"land","src/components/layout/routes/propertyHubRoutes.tsx:97","1","no"
"land/:id","src/components/layout/routes/propertyHubRoutes.tsx:99","1","no"
"land/browse","src/components/layout/routes/propertyHubRoutes.tsx:98","1","no"
"leads","src/components/layout/AnimatedRoutes.tsx:403","1","no"
"leads/:id","src/components/layout/AnimatedRoutes.tsx:404","1","no"
"listings/:id/edit","src/components/layout/routes/mcRoutes.tsx:24","1","no"
"listings/new","src/components/layout/routes/mcRoutes.tsx:22","1","no"
"listings/new/:vertical","src/components/layout/routes/mcRoutes.tsx:23","1","no"
"maintenance-plan","src/components/layout/routes/mcRoutes.tsx:68","1","no"
"management-terms","src/components/layout/routes/mcRoutes.tsx:69","1","no"
"map","src/components/layout/routes/propertyHubRoutes.tsx:70","1","yes"
"marketing","src/components/layout/routes/mcRoutes.tsx:114","1","no"
"meetings","src/components/layout/routes/mcRoutes.tsx:102","1","no"
"message-templates","src/components/layout/routes/mcRoutes.tsx:63","1","no"
"messages","src/components/layout/routes/mcRoutes.tsx:59","1","no"
"modules","src/components/layout/routes/mcRoutes.tsx:28","1","no"
"my","src/components/layout/routes/propertyHubRoutes.tsx:115","1","no"
"offplan","src/components/layout/routes/propertyHubRoutes.tsx:75","1","no"
"offplan/:id","src/components/layout/routes/propertyHubRoutes.tsx:76","1","no"
"onboarding/wizard","src/components/layout/routes/mcRoutes.tsx:97","1","no"
"operations","src/components/layout/routes/mcRoutes.tsx:49","1","no"
"outreach","src/components/layout/AnimatedRoutes.tsx:760","1","yes"
"owners","src/components/layout/routes/mcRoutes.tsx:120","1","no"
"owners/:id","src/components/layout/routes/mcRoutes.tsx:121","1","no"
"performance","src/components/layout/routes/mcRoutes.tsx:123","1","no"
"pipeline","src/components/layout/AnimatedRoutes.tsx:761","1","no"
"pipelines","src/components/layout/routes/mcRoutes.tsx:72","1","no"
"portfolio","src/components/layout/routes/mcRoutes.tsx:128","1","no"
"procurement","src/components/layout/routes/mcRoutes.tsx:93","1","no"
"project/:id","src/components/layout/routes/propertyHubRoutes.tsx:72","1","no"
"projects","src/components/layout/AnimatedRoutes.tsx:399 | src/components/layout/AnimatedRoutes.tsx:757 | src/components/layout/routes/mcRoutes.tsx:31 | src/components/layout/routes/propertyHubRoutes.tsx:80","4","no"
"projects/:id","src/components/layout/AnimatedRoutes.tsx:401","1","no"
"projects/new","src/components/layout/AnimatedRoutes.tsx:400","1","no"
"properties","src/components/layout/routes/mcRoutes.tsx:29","1","no"
"properties/:id","src/components/layout/routes/mcRoutes.tsx:34","1","no"
"properties/:id/editor","src/components/layout/routes/mcRoutes.tsx:38","1","no"
"properties/:id/guidebook","src/components/layout/routes/mcRoutes.tsx:37","1","no"
"properties/:id/inventory","src/components/layout/routes/mcRoutes.tsx:44","1","no"
"properties/:id/juristic-requests","src/components/layout/routes/mcRoutes.tsx:45","1","no"
"properties/:id/manage","src/components/layout/routes/mcRoutes.tsx:43","1","no"
"properties/:id/portal-settings","src/components/layout/routes/mcRoutes.tsx:46","1","no"
"properties/:id/setup","src/components/layout/routes/mcRoutes.tsx:36","1","no"
"properties/:id/terms","src/components/layout/routes/mcRoutes.tsx:35","1","no"
"properties/import","src/components/layout/routes/mcRoutes.tsx:33","1","no"
"properties/new","src/components/layout/routes/mcRoutes.tsx:32","1","no"
"quick-expense","src/components/layout/routes/mcRoutes.tsx:56","1","no"
"quick-sale","src/components/layout/routes/propertyHubRoutes.tsx:63","1","no"
"quotes","src/components/layout/routes/mcRoutes.tsx:101","1","no"
"rates","src/components/layout/routes/mcRoutes.tsx:117","1","no"
"rent","src/components/layout/routes/propertyHubRoutes.tsx:42","1","no"
"rent/long-term","src/components/layout/routes/propertyHubRoutes.tsx:58","1","no"
"rent/medium-term","src/components/layout/routes/propertyHubRoutes.tsx:54","1","no"
"rent/short-term","src/components/layout/routes/propertyHubRoutes.tsx:50","1","no"
"reports","src/components/layout/routes/mcRoutes.tsx:66","1","no"
"resale","src/components/layout/routes/propertyHubRoutes.tsx:83","1","no"
"resale/:id","src/components/layout/routes/propertyHubRoutes.tsx:84","1","no"
"reviews-management","src/components/layout/routes/mcRoutes.tsx:118","1","no"
"sales","src/components/layout/routes/mcRoutes.tsx:73","1","no"
"sales/:id","src/components/layout/routes/mcRoutes.tsx:79","1","no"
"sales/analytics","src/components/layout/routes/mcRoutes.tsx:75","1","no"
"sales/new","src/components/layout/routes/mcRoutes.tsx:74","1","no"
"sales/settings","src/components/layout/routes/mcRoutes.tsx:76","1","no"
"search","src/components/layout/routes/propertyHubRoutes.tsx:67","1","no"
"sequences","src/components/layout/routes/mcRoutes.tsx:100","1","no"
"service-request","src/components/layout/routes/mcRoutes.tsx:131","1","no"
"settings","src/components/layout/routes/mcRoutes.tsx:77","1","no"
"setup","src/components/layout/routes/mcRoutes.tsx:130","1","no"
"staff","src/components/layout/routes/mcRoutes.tsx:70","1","no"
"subscription","src/components/layout/routes/mcRoutes.tsx:71","1","no"
"superhost","src/components/layout/routes/mcRoutes.tsx:126","1","no"
"support-chat","src/components/layout/routes/mcRoutes.tsx:62","1","no"
"tasks","src/components/layout/routes/mcRoutes.tsx:98","1","no"
"team","src/components/layout/AnimatedRoutes.tsx:406 | src/components/layout/routes/mcRoutes.tsx:65","2","no"
"team/shifts","src/components/layout/routes/mcRoutes.tsx:92","1","no"
"templates","src/components/layout/AnimatedRoutes.tsx:762","1","no"
"transparency/:propertyId","src/components/layout/routes/mcRoutes.tsx:67","1","no"
"trends","src/components/layout/routes/mcRoutes.tsx:124","1","no"
"vault","src/components/layout/routes/mcRoutes.tsx:116","1","no"
"vendor-acquisition","src/components/layout/routes/mcRoutes.tsx:115","1","no"
"vendors","src/components/layout/routes/mcRoutes.tsx:111","1","no"
"why-myuno","src/components/layout/routes/propertyHubRoutes.tsx:87","1","no"