fn,src_refs,edge_refs
add_team_points,0,0
apply_lead_score_event,0,1
apply_referral_code,0,0
auto_publish_on_approval,0,0
award_achievement,0,0
calculate_daily_metrics,0,0
calculate_order_cashback,0,0
check_rate_limit,0,1
cleanup_old_sync_logs,0,0
consume_clearview_bundle_slot,0,0
detect_booking_conflicts,0,0
devmod_compute_fingerprint,0,0
devmod_next_reservation_number,0,0
devmod_next_rln_number,0,0
devmod_release_expired_holds,0,1
devmod_update_foreign_quota,0,0
ensure_multi_role_qa_bundle,0,0
find_nearby_clinics,0,0
find_nearby_flower_shops,0,0
find_nearby_gyms,0,0
find_nearby_restaurants,0,0
find_nearby_salons,0,0
generate_booking_operational_tasks,0,0
get_all_currency_rates,0,0
get_finance_summary_daily,0,0
get_gmv_summary,0,0
get_latest_ai_artifact,0,0
get_platform_fee_percent,0,0
get_portfolio_health_summary,0,0
get_subscription_revenue,0,0
get_trust_stats,0,0
get_user_analytics_summary,0,0
get_yacht_availability,0,0
has_canonical_role,0,0
has_specialization,0,0
log_ownership_transfer,0,0
log_security_event,0,0
mcc_check_inactivity,0,0
mcc_transition_user_state,0,0
normalize_developer_name,0,0
notify_admins_new_property_submission,0,0
notify_owner_property_approval,0,0
outreach_throttle_check,0,1
recalc_maintenance_next_due,0,0
recalculate_user_tier,0,0
record_deposit_ledger_entry,0,0
refresh_dashboard_materialized_views,0,0
refund_wallet_booking,0,0
release_event_spots,0,2
reserve_event_spots,0,1
resolve_catalog_by_life_situation,0,0
resolve_life_os_context,0,0
resolve_life_scenarios,0,0
resolve_user_context,0,0
rotate_ical_token,0,0
soft_delete_order,0,0
sync_capital_outreach_body,0,0
sync_capital_request_to_crm,0,0
sync_owner_property_to_marketplace,0,0
uno_team_can,0,0
update_realtime_stats,0,0
validate_featured_listing,0,0
validate_ical_token,0,1
validate_lifecycle_history,0,0
